{"cameraMode":{"drawMode":0,"name":"Shaded","section":"Shading Mode"},"sceneLighting":true,"audioPlay":false,"sceneViewState":{"showFog":true,"showMaterialUpdate":false,"showSkybox":true,"showFlares":true,"showImageEffects":true,"showParticleSystems":true},"in2DMode":false,"pivot":{"x":-4.13219690322876,"y":0.8273704051971436,"z":-12.253403663635254},"rotation":{"x":-0.13045839965343476,"y":0.8611177802085877,"z":-0.27660879492759707,"w":-0.4061334729194641},"size":3.4505696296691896,"orthographic":false}