{"cameraMode":{"drawMode":0,"name":"Shaded","section":"Shading Mode"},"sceneLighting":true,"audioPlay":false,"sceneViewState":{"showFog":true,"showMaterialUpdate":true,"showSkybox":true,"showFlares":true,"showImageEffects":true,"showParticleSystems":true},"in2DMode":false,"pivot":{"x":-4.76837158203125e-7,"y":46.5,"z":-1.4999990463256837},"rotation":{"x":0.20477429032325746,"y":-0.08357283473014832,"z":0.017551012337207795,"w":0.9750781655311585},"size":51.438751220703128,"orthographic":false}