{"cameraMode":{"drawMode":0,"name":"Shaded","section":"Shading Mode"},"sceneLighting":false,"audioPlay":false,"sceneViewState":{"showFog":true,"showMaterialUpdate":true,"showSkybox":false,"showFlares":true,"showImageEffects":true,"showParticleSystems":true},"in2DMode":false,"pivot":{"x":-0.000001430511474609375,"y":0.4999995231628418,"z":-3.999999523162842},"rotation":{"x":-0.1404072791337967,"y":0.25444626808166506,"z":-0.03736496344208717,"w":-0.9561148285865784},"size":28.86321449279785,"orthographic":false}