{"cameraMode":{"drawMode":0,"name":"Shaded","section":"Shading Mode"},"sceneLighting":true,"audioPlay":false,"sceneViewState":{"showFog":true,"showMaterialUpdate":true,"showSkybox":true,"showFlares":true,"showImageEffects":true,"showParticleSystems":true},"in2DMode":false,"pivot":{"x":3.5000016689300539,"y":-41.0,"z":-0.49999892711639407},"rotation":{"x":-0.1245252713561058,"y":0.21170197427272798,"z":-0.027206946164369584,"w":-0.9689929485321045},"size":28.863218307495118,"orthographic":false}